Residue,Average Total Energy,SEM
R:A:TYR:60,-0.47219802,0.725605788
R:A:PRO:102,0.227891089,0.420348395
R:A:PRO:104,-0.120980198,0.458362134
R:A:PHE:168,-0.653584158,0.454678966
R:A:LEU:171,-0.491386139,0.635824097
R:A:CYS:172,0.215851485,0.818375708
R:A:TYR:188,0.655069307,0.553399146
R:A:ILE:198,0.143207921,0.597798574
R:A:ILE:199,-0.745455446,0.453709222
R:A:GLN:206,0.17539604,0.706740222
R:A:TYR:326,-0.268336634,0.636700082
R:A:TYR:398,-0.43829703,0.779798502
R:A:TYR:435,-0.132455446,0.740560307
