Residue,Average Total Energy,SEM
R:A:TYR:60,-0.116009901,0.813610548
R:A:PRO:102,-0.617742574,0.497503822
R:A:PRO:104,-0.09270297,0.450146974
R:A:PHE:168,-0.18090099,0.480000683
R:A:LEU:171,-0.756821782,0.602516528
R:A:CYS:172,-0.291851485,0.89405659
R:A:TYR:188,-0.008019802,0.547171844
R:A:ILE:198,0.065465347,0.640865067
R:A:ILE:199,-0.488594059,0.483759571
R:A:GLN:206,0.202049505,0.706746806
R:A:TYR:326,-0.401386139,0.611602525
R:A:TYR:398,-0.314940594,0.55122641
R:A:TYR:435,0.174752475,0.549375992
