Residue,Average Total Energy,SEM
R:A:TYR:60,-1.047019802,0.690996618
R:A:PHE:168,0.030663366,0.513238957
R:A:LEU:171,-0.158247525,0.568411421
R:A:CYS:172,-0.073861386,0.409467333
R:A:TYR:188,-0.039732673,0.56232538
R:A:ILE:198,-0.013633663,0.52308276
R:A:ILE:199,-0.037475248,0.48346693
R:A:GLN:206,-0.675663366,0.588376105
R:A:TYR:326,-0.374366337,0.675266028
R:A:TYR:398,-0.469554455,0.548809997
R:A:TYR:435,0.104346535,0.457937821
