Residue,Average Total Energy,SEM
R:A:TYR:60,-0.161059406,0.800209578
R:A:PRO:102,0.453782178,0.481245988
R:A:PRO:104,-0.236683168,0.492813575
R:A:PHE:168,-0.477980198,0.420159787
R:A:LEU:171,-0.477653465,0.692489629
R:A:CYS:172,-0.810643564,0.606717234
R:A:TYR:188,0.003168317,0.566879923
R:A:ILE:198,0.152653465,0.516680578
R:A:ILE:199,-0.526168317,0.97151488
R:A:GLN:206,-0.29490099,0.654453082
R:A:TYR:326,-0.174148515,0.556299931
R:A:TYR:398,-0.220108911,0.766661905
R:A:TYR:435,0.111237624,0.658899011
