Residue,Average Total Energy,SEM
R:A:TYR:60,-0.110673267,0.721883634
R:A:PRO:102,0.122316832,0.503889551
R:A:PRO:104,-0.122841584,0.399135998
R:A:PHE:168,-0.354584158,0.433523318
R:A:LEU:171,-0.272762376,0.578331321
R:A:CYS:172,0.059316832,0.707344126
R:A:TYR:188,0.149049505,0.542090309
R:A:ILE:198,0.040415842,0.557948423
R:A:ILE:199,-0.294663366,0.558024004
R:A:GLN:206,-0.131980198,0.740053714
R:A:TYR:326,-0.176772277,0.647899559
R:A:TYR:398,-0.446851485,0.628422999
R:A:TYR:435,-0.222425743,0.640187316
