Residue,Average Total Energy,SEM
R:A:TYR:60,-0.131227723,0.81201406
R:A:PRO:102,0.259653465,0.546900463
R:A:PRO:104,-0.114237624,0.567073519
R:A:PHE:168,-0.953178218,0.468680259
R:A:LEU:171,-1.322742574,0.611708599
R:A:CYS:172,-0.043376238,0.763618059
R:A:TYR:188,0.222168317,0.537611982
R:A:ILE:198,-0.160059406,0.550617554
R:A:ILE:199,-0.706277228,0.492444535
R:A:GLN:206,-0.272534653,0.684199118
R:A:TYR:326,-0.551594059,0.61242595
R:A:TYR:398,-0.396138614,0.654228506
R:A:TYR:435,0.337712871,0.627875854
